thread_0,thread_1,thread_2,thread_3,thread_4,thread_5,thread_6,thread_7,thread_8,thread_9
push,,,,,,,,,
POP,,,,,,,,,
push,,,,,,,,,
POP,,,,,,,,,
push,,,,,,,,,
POP,,,,,,,,,
push,,,,,,,,,
POP,,,,,,,,,
push,,,,,,,,,
POP,,,,,,,,,
push,,,,,,,,,
POP,,,,,,,,,
push,,,,,,,,,
POP,,,,,,,,,
push,,,,,,,,,
POP,,,,,,,,,
push,,,,,,,,,
POP,,,,,,,,,
push,,,,,,,,,
POP,,,,,,,,,
push,,,,,,,,,
POP,,,,,,,,,
push,,,,,,,,,
POP,,,,,,,,,
,push,,,,,,,,
,POP,,,,,,,,
,push,,,,,,,,
,POP,,,,,,,,
,push,,,,,,,,
,POP,,,,,,,,
,push,,,,,,,,
,POP,,,,,,,,
,push,,,,,,,,
,POP,,,,,,,,
,push,,,,,,,,
,POP,,,,,,,,
,push,,,,,,,,
,POP,,,,,,,,
,push,,,,,,,,
,POP,,,,,,,,
,push,,,,,,,,
,POP,,,,,,,,
,push,,,,,,,,
,POP,,,,,,,,
,push,,,,,,,,
,POP,,,,,,,,
,push,,,,,,,,
,POP,,,,,,,,
,push,,,,,,,,
,POP,,,,,,,,
,push,,,,,,,,
,POP,,,,,,,,
,push,,,,,,,,
,POP,,,,,,,,
push,,,,,,,,,
POP,,,,,,,,,
push,,,,,,,,,
POP,,,,,,,,,
push,,,,,,,,,
POP,,,,,,,,,
,,,,push,,,,,
,,,,POP,,,,,
,,,,push,,,,,
,,,,POP,,,,,
,,,,push,,,,,
,,,,POP,,,,,
,,,,push,,,,,
,,,,POP,,,,,
,,,,push,,,,,
,,,,POP,,,,,
,,,,push,,,,,
,,,,POP,,,,,
,,,,push,,,,,
,,,,POP,,,,,
,,,,push,,,,,
,,,,POP,,,,,
,,,,push,,,,,
,,,,POP,,,,,
,,,,push,,,,,
,,,,POP,,,,,
,,,,push,,,,,
,,,,POP,,,,,
,,,,push,,,,,
,,,,POP,,,,,
,,,,push,,,,,
,,,,POP,,,,,
,,,,push,,,,,
,,,,POP,,,,,
,,,,,,,,push,
,,,,push,,,,,
,,,,,,,,POP,
,,,,POP,,,,,
,,,,,,,,push,
,,,,,,,,POP,
,,,,,,,,push,
,,,,,,,,POP,
,,,,,,,,push,
,,,,,,,,POP,
,,,,,,,,push,
,,,,,,,,POP,
,,,,,,,,push,
,,,,,,,,POP,
,,,,,,,,push,
,,,,,,,,POP,
,,,,,,,,push,
,,,,,,,,POP,
,,,,,,,,push,
,,,,,,,,POP,
,,,,,,,,push,
,,,,,,,,POP,
,,,,,,,,push,
,,,,,,,,POP,
,,,,,,,,push,
,,,,,,,,POP,
,,,,,,,,push,
,,,,,,,,POP,
,,,,,,,,push,
,,,,,,,,POP,
,,,,,,,,push,
,,,,,,,,POP,
,,,,,push,,,,
,,,,,POP,,,,
,,,push,,,,,,
,,,,,push,,,,
,,,POP,,,,,,
,,,push,,,,,,
,,,POP,,,,,,
,,,push,,,,,,
,,,POP,,,,,,
,,,push,,,,,,
,,,POP,,,,,,
,,,push,,,,,,
,,,POP,,,,,,
,,,push,,,,,,
,,,POP,,,,,,
,,,push,,,,,,
,,,POP,,,,,,
,,,push,,,,,,
,,,POP,,,,,,
,,,push,,,,,,
,,,POP,,,,,,
,,,push,,,,,,
,,,POP,,,,,,
,,,push,,,,,,
,,,POP,,,,,,
,,,push,,,,,,
,,,POP,,,,,,
,,,push,,,,,,
,,,POP,,,,,,
,,,push,,,,,,
,,,POP,,,,,,
,,,push,,,,,,
,,,POP,,,,,,
,,push,,,,,,,
,,POP,,,,,,,
,,push,,,,,,,
,,POP,,,,,,,
,,push,,,,,,,
,,POP,,,,,,,
,,push,,,,,,,
,,POP,,,,,,,
,,push,,,,,,,
,,POP,,,,,,,
,,push,,,,,,,
,,POP,,,,,,,
,,push,,,,,,,
,,POP,,,,,,,
,,push,,,,,,,
,,POP,,,,,,,
,,push,,,,,,,
,,POP,,,,,,,
,,push,,,,,,,
,,POP,,,,,,,
,,push,,,,,,,
,,POP,,,,,,,
,,push,,,,,,,
,,POP,,,,,,,
,,push,,,,,,,
,,POP,,,,,,,
,,push,,,,,,,
,,POP,,,,,,,
,,push,,,,,,,
,,POP,,,,,,,
,,,,,,push,,,
,,,,,,POP,,,
,,,,,,push,,,
,,,,,,POP,,,
,,,,,,push,,,
,,,,,,POP,,,
,,,,,,push,,,
,,,,,,POP,,,
,,,,,,push,,,
,,,,,,POP,,,
,,,,,,push,,,
,,,,,,POP,,,
,,,,,,push,,,
,,,,,,POP,,,
,,,,,,push,,,
,,,,,,POP,,,
,,,,,,push,,,
,,,,,,POP,,,
,,,,,,push,,,
,,,,,,POP,,,
,,,,,,push,,,
,,,,,,POP,,,
,,,,,,push,,,
,,,,,,POP,,,
,,,,,,push,,,
,,,,,,POP,,,
,,,,,,push,,,
,,,,,,POP,,,
,,,,,,push,,,
,,,,,,POP,,,
,,,,,POP,,,,
,,,,,push,,,,
,,,,,POP,,,,
,,,,,push,,,,
,,,,,POP,,,,
,,,,,push,,,,
,,,,,POP,,,,
,,,,,push,,,,
,,,,,POP,,,,
,,,,,push,,,,
,,,,,POP,,,,
,,,,,push,,,,
,,,,,POP,,,,
,,,,,push,,,,
,,,,,POP,,,,
,,,,,push,,,,
,,,,,POP,,,,
,,,,,push,,,,
,,,,,POP,,,,
,,,,,push,,,,
,,,,,POP,,,,
,,,,,push,,,,
,,,,,POP,,,,
,,,,,push,,,,
,,,,,POP,,,,
,,,,,push,,,,
,,,,,POP,,,,
,,,,,,,push,,
,,,,,,,POP,,
,,,,,,,push,,
,,,,,,,POP,,
,,,,,,,push,,
,,,,,,,POP,,
,,,,,,,push,,
,,,,,,,POP,,
,,,,,,,push,,
,,,,,,,POP,,
,,,,,,,push,,
,,,,,,,POP,,
,,,,,,,push,,
,,,,,,,POP,,
,,,,,,,push,,
,,,,,,,POP,,
,,,,,,,push,,
,,,,,,,POP,,
,,,,,,,push,,
,,,,,,,POP,,
,,,,,,,push,,
,,,,,,,POP,,
,,,,,,,push,,
,,,,,,,POP,,
,,,,,,,push,,
,,,,,,,POP,,
,,,,,,,push,,
,,,,,,,POP,,
,,,,,,,push,,
,,,,,,,POP,,
,,,,,,,,,push
,,,,,,,,,POP
,,,,,,,,,push
,,,,,,,,,POP
,,,,,,,,,push
,,,,,,,,,POP
,,,,,,,,,push
,,,,,,,,,POP
,,,,,,,,,push
,,,,,,,,,POP
,,,,,,,,,push
,,,,,,,,,POP
,,,,,,,,,push
,,,,,,,,,POP
,,,,,,,,,push
,,,,,,,,,POP
,,,,,,,,,push
,,,,,,,,,POP
,,,,,,,,,push
,,,,,,,,,POP
,,,,,,,,,push
,,,,,,,,,POP
,,,,,,,,,push
,,,,,,,,,POP
,,,,,,,,,push
,,,,,,,,,POP
,,,,,,,,,push
,,,,,,,,,POP
,,,,,,,,,push
,,,,,,,,,POP
